"9","Dana","Snow","1-592-165-0075","Fusce@nectempus.com","Ap #790-6746 Tellus Street","Agawam","NT","L3S 4X9","1972-08-09","user2"
"10","Colleen","Hutchinson","1-945-606-6717","Suspendisse.sagittis.Nullam@Innec.edu","3896 Nunc Ave","Pembroke Pines","NT","V4M 2J4","1974-09-11","user2"
"11","Hyatt","Sanchez","1-483-989-6613","libero@nislMaecenasmalesuada.edu","P.O. Box 922 7698 Sed St.","Las Cruces","AB","M1N 8M9","1972-01-06","user2"
"12","Madison","Stevenson","1-898-794-3086","Donec.consectetuer.mauris@morbi.edu","P.O. Box 872 6306 Donec St.","Brigham City","NT","L5K 9L0","1966-06-14","user2"
"13","Roanna","Downs","1-969-912-9999","ac.sem@duinectempus.edu","7691 Rhoncus Av.","Warwick","NB","S2X 6Q9","1967-10-30","user2"
"14","Isaiah","Stevens","1-918-821-7207","fringilla.porttitor.vulputate@malesuadaIntegerid.ca","6132 Erat Road","Gatlinburg","BC","U5T 4D6","1956-08-25","user2"
"15","Sonia","Ayers","1-598-429-1498","lectus@acmi.ca","Ap #990-5463 Maecenas St.","Rosemead","NL","W2Z 1U8","1971-10-31","user2"
"16","Alexis","Gilmore","1-886-188-5867","mauris.sit.amet@penatibuset.org","Ap #412-1054 Nonummy Street","Temecula","PE","W6S 6L7","1977-10-25","user2"
"17","Zoe","England","1-663-558-3161","auctor.Mauris@nonlobortisquis.edu","279-4028 Erat. Rd.","Beverly","QC","M8P 9P6","1976-12-03","user2"
"18","Charde","Dunn","1-357-831-9923","urna@sem.edu","304-5920 Tellus Rd.","Chesapeake","NL","F2N 8T7","1976-04-16","user2"
"19","Avye","Barron","1-388-698-5126","Nullam@ligulaAeneangravida.com","Ap #915-7949 Donec Rd.","West Allis","NT","P9Z 4R0","1974-05-07","user2"
"20","Hamish","Taylor","1-924-809-0362","auctor.odio.a@duinec.ca","Ap #125-7692 Duis Av.","Caguas","NT","K9B 1Z4","1982-10-05","user2"
"21","Wesley","Todd","1-647-738-0019","arcu.Vestibulum@nostra.ca","7226 Diam Avenue","Bellflower","NT","V6V 8O2","1980-05-31","user2"
"22","Samson","Huber","1-922-760-7616","tincidunt@laoreetlectusquis.ca","4685 Vitae Road","Kennesaw","NB","D7B 1F3","1966-12-12","user2"
"23","Samson","Ochoa","1-309-979-6313","risus.Donec@arcu.ca","3081 Iaculis Road","San Clemente","MB","H1C 3I4","1967-05-28","user2"
"24","Blair","Yang","1-619-688-2205","Mauris.quis.turpis@metusfacilisis.edu","7557 Eu St.","Thousand Oaks","BC","L3Z 7O4","1982-11-30","user2"
"25","Roary","Martin","1-194-683-8143","et.ipsum.cursus@Morbiquisurna.org","Ap #261-7127 Lectus Av.","Sioux Falls","NL","P6Z 2A7","1960-07-18","user2"
"26","Owen","Boyer","1-727-655-7997","lacus.varius@urnasuscipit.com","967-7532 Molestie. Avenue","Somerville","NU","F9Q 3T3","1982-11-08","user2"
"27","Forrest","Landry","1-601-259-0565","Aliquam.nec@Vestibulumanteipsum.com","529-760 Primis Street","Turlock","NS","M2J 3M6","1966-06-07","user2"
"28","Palmer","Barrera","1-781-382-8482","Donec.consectetuer@nuncullamcorpereu.com","2655 Augue Street","Cleveland","NL","U9Q 1J3","1970-04-25","user2"
"29","Piper","Higgins","1-165-448-1964","ut.pellentesque@Nullamenim.org","866-9924 Magna. Av.","Rye","ON","N9P 9G3","1971-06-03","user2"
"32","Haley","Small","1-379-952-7322","semper.et.lacinia@velit.edu","P.O. Box 653 8648 Dolor. Avenue","Fontana","NS","N7L 1H8","1971-10-05","user2"
"34","Robert","Tyson","1-829-944-2978","auctor.nunc@Sedeu.org","Ap #738-9722 Lobortis Street","Port St. Lucie","SK","L4Y 8L7","1964-11-04","user2"
"35","Pascale","Flowers","1-172-514-4820","sodales.elit@rhoncus.com","3950 In Av.","Mission Viejo","SK","H9E 2J9","1978-01-06","user2"
"49","G","R","1-999-999-9999","G@mail.me","299 Homosapian Ave","Gregtown","GE","GRE GER","1982-03-05","user2"
